id,created_at,updated_at,tilo_pay_modality_id
0,2024-12-09 12:22:42.000,,452
1,2024-12-09 12:22:42.000,,453
2,2024-12-09 12:22:42.000,,454
3,2024-12-09 12:22:42.000,,455
4,2024-12-09 12:22:42.000,,456
5,2024-12-09 12:22:42.000,,457
6,2024-12-09 12:22:42.000,,458
7,2024-12-09 12:22:42.000,,459
8,2024-12-09 12:22:42.000,,460
9,2024-12-09 12:22:42.000,,461
10,2024-12-09 12:22:42.000,,462
11,2024-12-09 12:22:42.000,,463
12,2024-12-09 12:22:42.000,,464
13,2024-12-09 12:22:42.000,,465
14,2024-12-09 12:22:42.000,,466
15,2024-12-09 12:22:42.000,,467
16,2024-12-09 12:22:42.000,,468
17,2024-12-09 12:22:42.000,,469
18,2024-12-09 12:22:42.000,,470
19,2024-12-09 12:22:42.000,,471
20,2024-12-09 12:22:42.000,,472
21,2024-12-09 12:22:42.000,,473
52,2024-07-19 06:30:47.592,2024-07-19 06:30:47.592,152
